<?xml version="1.0" encoding="UTF-8" standalone="yes"?>
<addon id="repository.jungle-team" name="[COLOR green]Jungle-Team[/COLOR] Repositorio" version="1.0.0" provider-name="Jungle-Team">
    <extension point="xbmc.addon.repository" name="Jungle-Team Repositorio">
        <info>https://raw.githubusercontent.com/iTroNk/Repositorio-Jungle-Team/master/addons.xml</info>
        <checksum>https://raw.githubusercontent.com/iTroNk/Repositorio-Jungle-Team/master/addons.xml.md5</checksum>
        <datadir zip="true">https://raw.githubusercontent.com/iTroNk/Repositorio-Jungle-Team/master</datadir>
    </extension>
    <extension point="xbmc.addon.metadata">
        <summary>Repositorio de Jungle-Team</summary>
        <description></description>
        <disclaimer></disclaimer>
        <platform>all</platform>
    </extension>
</addon>
