<?xml version="1.0" encoding="UTF-8" standalone="yes"?>
<addon id="repository.jungle-team" name="[COLOR gold]Palantir[/COLOR] Repo" version="1.0.1" provider-name="TierraMedia">
    <extension point="xbmc.addon.repository" name="test Repo">
        <info>https://raw.githubusercontent.com/iTroNk/Repositorio-Jungle-Team/master/addons.xml</info>
        <checksum>https://raw.githubusercontent.com/iTroNk/Repositorio-Jungle-Team/master/addons.xml.md5</checksum>
        <datadir zip="true">https://raw.githubusercontent.com/iTroNk/Repositorio-Jungle-Team/master</datadir>
    </extension>
    <extension point="xbmc.addon.metadata">
        <summary>Repositorio para Jungle-Team</summary>
        <description></description>
        <disclaimer></disclaimer>
        <platform>all</platform>
    </extension>
</addon>
