<?xml version="1.0" encoding="UTF-8" standalone="yes"?>
<addon id="repository.jungleteam" name="Jungle-Team [COLOR yellow]Repo[/COLOR]" version="1.2" provider-name="www.stva.ga">
	<extension point="xbmc.addon.repository" name="STVAJUNGLE Repo">
		<info compressed="false">https://raw.githubusercontent.com/iTroNk/Repositorio-Jungle-Team/master/addons.xml</info>
				<checksum>https://raw.githubusercontent.com/iTroNk/Repositorio-Jungle-Team/master/addons.xml.md5</checksum>
                <datadir zip="true">https://raw.githubusercontent.com/iTroNk/Repositorio-Jungle-Team/master</datadir>
	</extension>
	<extension point="xbmc.addon.metadata">
		<summary>STVA repoJUNGLE1</summary>
   		<description lang="es">Repositorio de addons STVAJUNGLE2</description>
		<disclaimer></disclaimer>
		<platform>all</platform>
	</extension>
</addon>