﻿<?xml version="1.0" encoding="UTF-8" standalone="yes"?>
<addon id="repository.jungle-team" name="[COLOR limegreen][B]Open[/B][/COLOR]Wizard Repository" version="2.0" provider-name="drinfernoo">
    <extension point="xbmc.addon.repository" name="[COLOR limegreen][B]Open[/B][/COLOR]Wizard Repository">
        <dir minversion="18.0" maxversion="18.9.0">
            <info compressed="false">https://raw.githubusercontent.com/iTroNk/Repositorio-Jungle-Team/master/addons.xml</info>
            <checksum>https://raw.githubusercontent.com/iTroNk/Repositorio-Jungle-Team/master/addons.xml.md5</checksum>
            <datadir zip="true">https://raw.githubusercontent.com/iTroNk/Repositorio-Jungle-Team/master/</datadir>
        </dir>
       
    </extension>
    
</addon>